{"cameraMode":{"drawMode":0,"name":"Shaded","section":"Shading Mode"},"sceneLighting":true,"audioPlay":false,"sceneViewState":{"showFog":true,"showMaterialUpdate":false,"showSkybox":true,"showFlares":true,"showImageEffects":true,"showParticleSystems":true},"in2DMode":false,"pivot":{"x":-0.8481981754302979,"y":2.719118595123291,"z":1.4164659976959229},"rotation":{"x":0.3722539246082306,"y":-0.3269643783569336,"z":0.14207634329795838,"w":0.856964647769928},"size":3.3102996349334719,"orthographic":false}