{"cameraMode":{"drawMode":0,"name":"Shaded","section":"Shading Mode"},"sceneLighting":false,"audioPlay":false,"sceneViewState":{"showFog":true,"showMaterialUpdate":false,"showSkybox":false,"showFlares":true,"showImageEffects":true,"showParticleSystems":true},"in2DMode":false,"pivot":{"x":-0.019999995827674867,"y":0.5299999713897705,"z":1.0399999618530274},"rotation":{"x":-0.0906979963183403,"y":-0.0895124226808548,"z":-0.008163627237081528,"w":0.9918220043182373},"size":0.9918832182884216,"orthographic":true}