{"cameraMode":{"drawMode":0,"name":"Shaded","section":"Shading Mode"},"sceneLighting":true,"audioPlay":false,"sceneViewState":{"showFog":true,"showMaterialUpdate":false,"showSkybox":true,"showFlares":true,"showImageEffects":true,"showParticleSystems":true},"in2DMode":false,"pivot":{"x":0.029999999329447748,"y":11.109999656677246,"z":-10.34000015258789},"rotation":{"x":0.36513426899909975,"y":0.012562347576022148,"z":-0.004929032642394304,"w":0.9308681488037109},"size":11.849772453308106,"orthographic":true}